Part Number,Product Name,Product Link,Price,Lead Time,Page
110310367019,Ball Bearings,/vona2/detail/110310367019/?KWSearch=bearing&searchFlow=results2products&list=PageSearchResult,"12,586 VND",Same Day,1
110310432629,Ball Bearings Stainless Steel,/vona2/detail/110310432629/?KWSearch=bearing&searchFlow=results2products&list=PageSearchResult,"19,221 VND",Same Day,1
110300107740,Deep Groove Ball Bearing-Double Shielded,/vona2/detail/110300107740/?KWSearch=bearing&searchFlow=results2products&list=PageSearchResult,"53,589 VND",Same Day,1
110310432539,Small Ball Bearings Stainless Steel,/vona2/detail/110310432539/?KWSearch=bearing&searchFlow=results2products&list=PageSearchResult,"13,815 VND",Same Day,1
110302273360,Small Ball Bearings Double Shield Type -Stainless Steel-,/vona2/detail/110302273360/?KWSearch=bearing&searchFlow=results2products&list=PageSearchResult,"45,700 VND",Same Day,1
221000058390,Tapered Roller Bearing (Separate Type),/vona2/detail/221000058390/?KWSearch=bearing&searchFlow=results2products&list=PageSearchResult,"81,250 VND",Same Day,1
110310366929,Small Ball Bearings,/vona2/detail/110310366929/?KWSearch=bearing&searchFlow=results2products&list=PageSearchResult,"11,579 VND",Same Day,1
110302644020,Ball Bearing/Cast Iron/Diamond Flanged,/vona2/detail/110302644020/?KWSearch=bearing&searchFlow=results2products&list=PageSearchResult,"291,097 VND",Same Day,1
110302644110,Ball Bearing/Cast Iron/Square Flanged,/vona2/detail/110302644110/?KWSearch=bearing&searchFlow=results2products&list=PageSearchResult,"317,788 VND",Same Day,1
221000058301,Single Row Deep Groove Ball Bearing (Open Type / Sealed Type / Shielded Type),/vona2/detail/221000058301/?KWSearch=bearing&searchFlow=results2products&list=PageSearchResult,,Same Day,1
110310471509,Bearings With Long Screw Rod,/vona2/detail/110310471509/?KWSearch=bearing&searchFlow=results2products&list=PageSearchResult,"17,184 VND",Same Day,1
110310432719,Flanged Small Ball Bearings Stainless Steel,/vona2/detail/110310432719/?KWSearch=bearing&searchFlow=results2products&list=PageSearchResult,"22,546 VND",Same Day,1
110302590550,Deep Groove Ball Bearing/Double Shielded,/vona2/detail/110302590550/?KWSearch=bearing&searchFlow=results2products&list=PageSearchResult,"27,780 VND",Same Day,1
221000058233,Angular Ball Bearing (Single Row/Double Row),/vona2/detail/221000058233/?KWSearch=bearing&searchFlow=results2products&list=PageSearchResult,"166,588 VND",Same Day,1
110300117720,Thrust Ball Bearing,/vona2/detail/110300117720/?KWSearch=bearing&searchFlow=results2products&list=PageSearchResult,"150,553 VND",Same Day,1
110302273720,Small Ball Bearings Double Shield Type with Flange Stainless Steel,/vona2/detail/110302273720/?KWSearch=bearing&searchFlow=results2products&list=PageSearchResult,"42,890 VND",Same Day,1
110300105210,"Bearings with Housings - T-Shaped, Retained",/vona2/detail/110300105210/?KWSearch=bearing&searchFlow=results2products&list=PageSearchResult,,Same Day,1
110310432809,Flanged Ball Bearings Stainless Steel,/vona2/detail/110310432809/?KWSearch=bearing&searchFlow=results2products&list=PageSearchResult,"29,309 VND",Same Day,1
110310367379,Ball Bearings Rubber Sealed,/vona2/detail/110310367379/?KWSearch=bearing&searchFlow=results2products&list=PageSearchResult,"13,572 VND",Same Day,1
110302643840,Ball Bearing/Cast Iron/Pillow Blocks,/vona2/detail/110302643840/?KWSearch=bearing&searchFlow=results2products&list=PageSearchResult,"233,930 VND",Same Day,1
110300101530,"Bearings with Housings - Double Bearings, Retained, L Selectable",/vona2/detail/110300101530/?KWSearch=bearing&searchFlow=results2products&list=PageSearchResult,"553,300 VND",Same Day,1
221000068571,"Drawn Cup Needle Roller Bearing, Outer Ring",/vona2/detail/221000068571/?KWSearch=bearing&searchFlow=results2products&list=PageSearchResult,"36,250 VND",Same Day,1
221000058323,Self-Aligning Ball Bearings,/vona2/detail/221000058323/?KWSearch=bearing&searchFlow=results2products&list=PageSearchResult,"132,500 VND",Same Day,1
221000058413,Deep-Groove Ball Bearing for high speed applications,/vona2/detail/221000058413/?KWSearch=bearing&searchFlow=results2products&list=PageSearchResult,"28,769 VND",Same Day,1
110302716210,Roller Followers - Bearing Separable,/vona2/detail/110302716210/?KWSearch=bearing&searchFlow=results2products&list=PageSearchResult,"62,018 VND",Same Day,1
110310459089,Bearing Shaft Screws,/vona2/detail/110310459089/?KWSearch=bearing&searchFlow=results2products&list=PageSearchResult,"13,820 VND",Same Day,1
110310471419,Bearings With Screw Rod,/vona2/detail/110310471419/?KWSearch=bearing&searchFlow=results2products&list=PageSearchResult,"15,644 VND",Same Day,1
110310365039,Urethane Molded Rollers With Bearings,/vona2/detail/110310365039/?KWSearch=bearing&searchFlow=results2products&list=PageSearchResult,"102,667 VND",Same Day,1
110310411209,"Bearings With Housing T-Shaped, Lightweight, Compact",/vona2/detail/110310411209/?KWSearch=bearing&searchFlow=results2products&list=PageSearchResult,"72,442 VND",Same Day,1
110300107650,Small Deep Groove Ball Bearing With Flange-Double Shielded,/vona2/detail/110300107650/?KWSearch=bearing&searchFlow=results2products&list=PageSearchResult,"53,880 VND",Same Day,1
110310411479,Bearing Housing Set Diamond-Shaped Lightweight Snap Ring Embedded Type,/vona2/detail/110310411479/?KWSearch=bearing&searchFlow=results2products&list=PageSearchResult,"80,000 VND",Same Day,1
110310615329,"Guide Bearing-U Groove, Stainless Steel",/vona2/detail/110310615329/?KWSearch=bearing&searchFlow=results2products&list=PageSearchResult,"48,275 VND",Same Day,1
110300100130,"Bearings with Housings - Direct Mount, Retained",/vona2/detail/110300100130/?KWSearch=bearing&searchFlow=results2products&list=PageSearchResult,"354,697 VND",Same Day,1
110302643320,Ball Bearing/Angular Contact/Single/Double Row Combination/Standard Grade,/vona2/detail/110302643320/?KWSearch=bearing&searchFlow=results2products&list=PageSearchResult,"439,450 VND",Same Day,1
221000611902,"Insert Bearing with Set Screws and Cylindrical Hole Shape, UC Shape",/vona2/detail/221000611902/?KWSearch=bearing&searchFlow=results2products&list=PageSearchResult,"235,088 VND",Same Day,1
110310411299,Bearing Housing Set Diamond-Shaped Lightweight Snap Ring Not Provided Type,/vona2/detail/110310411299/?KWSearch=bearing&searchFlow=results2products&list=PageSearchResult,"72,400 VND",Same Day,1
110310367469,Ball Bearings Open Type,/vona2/detail/110310367469/?KWSearch=bearing&searchFlow=results2products&list=PageSearchResult,"10,656 VND",Same Day,1
221000058288,One End Cone Type Tapered Roller Bearings,/vona2/detail/221000058288/?KWSearch=bearing&searchFlow=results2products&list=PageSearchResult,"127,170 VND",Same Day,1
110302590460,Small Ball Bearing/Double Shielded,/vona2/detail/110302590460/?KWSearch=bearing&searchFlow=results2products&list=PageSearchResult,"13,160 VND",Same Day,1
221000068559,AC Ball Bearing,/vona2/detail/221000068559/?KWSearch=bearing&searchFlow=results2products&list=PageSearchResult,"118,268 VND",Same Day,1
110310573299,Angular Contact Ball Bearings Double Row DF Combination,/vona2/detail/110310573299/?KWSearch=bearing&searchFlow=results2products&list=PageSearchResult,"182,330 VND",Same Day,1
221000068616,"Ball Bearing, Double-Row Angular Contact",/vona2/detail/221000068616/?KWSearch=bearing&searchFlow=results2products&list=PageSearchResult,"258,882 VND",Same Day,1
221000058334,Angular Ball Bearing,/vona2/detail/221000058334/?KWSearch=bearing&searchFlow=results2products&list=PageSearchResult,"123,250 VND",Same Day,1
110310654299,Thrust Ball Bearings,/vona2/detail/110310654299/?KWSearch=bearing&searchFlow=results2products&list=PageSearchResult,"11,128 VND",Same Day,1
110302643750,Ball Bearing/Diamond Flanged,/vona2/detail/110302643750/?KWSearch=bearing&searchFlow=results2products&list=PageSearchResult,"307,779 VND",Same Day,1
221000058299,Single Thrust Ball Bearings,/vona2/detail/221000058299/?KWSearch=bearing&searchFlow=results2products&list=PageSearchResult,"84,750 VND",Same Day,1
110302272750,Deep Groove Ball Bearings Double Shield Type -Stainless Steel-,/vona2/detail/110302272750/?KWSearch=bearing&searchFlow=results2products&list=PageSearchResult,"160,562 VND",Same Day,1
110310392759,Urethane Molded Bearings With Screw Rod,/vona2/detail/110310392759/?KWSearch=bearing&searchFlow=results2products&list=PageSearchResult,"29,072 VND",Same Day,1
110300425110,Threaded Bearings,/vona2/detail/110300425110/?KWSearch=bearing&searchFlow=results2products&list=PageSearchResult,"143,880 VND",Same Day,1
110302645940,With metal roller bearing,/vona2/detail/110302645940/?KWSearch=bearing&searchFlow=results2products&list=PageSearchResult,"336,270 VND",Same Day,1
110300423960,Silicon Rubber / Urethane Molded Bearings - Flat,/vona2/detail/110300423960/?KWSearch=bearing&searchFlow=results2products&list=PageSearchResult,"139,640 VND",Same Day,1
221005156743,"Thrust Ball Bearing, Angular Contact, For Ball Screw Support",/vona2/detail/221005156743/?KWSearch=bearing&searchFlow=results2products&list=PageSearchResult,"1,764,968 VND",Same Day,1
221000058367,Solid Type Needle Roller Bearing,/vona2/detail/221000058367/?KWSearch=bearing&searchFlow=results2products&list=PageSearchResult,"122,170 VND",Same Day,1
110310573389,Angular Contact Ball Bearings Single Row Universal Combination,/vona2/detail/110310573389/?KWSearch=bearing&searchFlow=results2products&list=PageSearchResult,"175,144 VND",Same Day,1
221005159184,Needle Roller Bearings with Thrust Ball Bearings,/vona2/detail/221005159184/?KWSearch=bearing&searchFlow=results2products&list=PageSearchResult,"426,670 VND",Same Day,1
110310573119,Angular Contact Ball Bearings Single Row,/vona2/detail/110310573119/?KWSearch=bearing&searchFlow=results2products&list=PageSearchResult,"68,583 VND",Same Day,1
110310392669,Urethane Molded Bearings Standard,/vona2/detail/110310392669/?KWSearch=bearing&searchFlow=results2products&list=PageSearchResult,"21,440 VND",Same Day,1
110310574829,"Ball Bearings Plastic, POM",/vona2/detail/110310574829/?KWSearch=bearing&searchFlow=results2products&list=PageSearchResult,"20,952 VND",Same Day,1
110310573659,Loosening Prevention Nuts for Bearing,/vona2/detail/110310573659/?KWSearch=bearing&searchFlow=results2products&list=PageSearchResult,"28,901 VND",Same Day,1
221004938155,"Radial Ball Bearing, Deep Groove (Metric Series)",/vona2/detail/221004938155/?KWSearch=bearing&searchFlow=results2products&list=PageSearchResult,"51,186 VND",Same Day,1
110300100470,"Bearings with Housings - Standard with Pilot, Retained",/vona2/detail/110300100470/?KWSearch=bearing&searchFlow=results2products&list=PageSearchResult,"348,130 VND",Same Day,1
110302651970,Idler - Belt Backside Tensioning - Both Sides Bearing,/vona2/detail/110302651970/?KWSearch=bearing&searchFlow=results2products&list=PageSearchResult,"264,490 VND",Same Day,1
110302715150,"[C-VALUE] Ball Bearing Units - Cast Iron, Pillow Blocks",/vona2/detail/110302715150/?KWSearch=bearing&searchFlow=results2products&list=PageSearchResult,"199,969 VND",Same Day,1
110300104420,Bearings with Housings - Low Dust Generation Grease Filled - Double Bearings,/vona2/detail/110300104420/?KWSearch=bearing&searchFlow=results2products&list=PageSearchResult,,Same Day,1
110302648470,Engineered Plastic Bearings - No Retaining Ring - Straight Bore,/vona2/detail/110302648470/?KWSearch=bearing&searchFlow=results2products&list=PageSearchResult,"234,171 VND",Same Day,1
221000058312,Self-Aligning Roller Bearings,/vona2/detail/221000058312/?KWSearch=bearing&searchFlow=results2products&list=PageSearchResult,"814,419 VND",Same Day,1
110302643660,Ball Bearing/Pillow Blocks,/vona2/detail/110302643660/?KWSearch=bearing&searchFlow=results2products&list=PageSearchResult,"307,779 VND",Same Day,2
110310573209,Angular Contact Ball Bearings Double Row DB Combination,/vona2/detail/110310573209/?KWSearch=bearing&searchFlow=results2products&list=PageSearchResult,"182,330 VND",Same Day,2
110302002820,Urethane Rollers - with Pressed Bearings,/vona2/detail/110302002820/?KWSearch=bearing&searchFlow=results2products&list=PageSearchResult,"221,860 VND",Same Day,2
110300100740,Bearings with Housings - Non-Retained,/vona2/detail/110300100740/?KWSearch=bearing&searchFlow=results2products&list=PageSearchResult,"312,570 VND",Same Day,2
110302651540,"Flanged Idlers with Teeth - T5, T10 - Both Sides Bearing",/vona2/detail/110302651540/?KWSearch=bearing&searchFlow=results2products&list=PageSearchResult,"499,770 VND",Same Day,2
110300424050,Silicon Rubber / Urethane Molded Bearings - Threaded Flat,/vona2/detail/110300424050/?KWSearch=bearing&searchFlow=results2products&list=PageSearchResult,"290,888 VND",Same Day,2
110302590730,Deep Groove Ball Bearing/Double Shielded/Stainless,/vona2/detail/110302590730/?KWSearch=bearing&searchFlow=results2products&list=PageSearchResult,"78,670 VND",Same Day,2
110302578470,Rod End Bearings - Threaded / Tapped,/vona2/detail/110302578470/?KWSearch=bearing&searchFlow=results2products&list=PageSearchResult,"138,458 VND",Same Day,2
110302643230,Ball Bearing/Angular Contact/Single/Single Row Combination/Standard Grade,/vona2/detail/110302643230/?KWSearch=bearing&searchFlow=results2products&list=PageSearchResult,"160,562 VND",Same Day,2
110310557189,Rod End Bearings Male Threaded,/vona2/detail/110310557189/?KWSearch=bearing&searchFlow=results2products&list=PageSearchResult,"31,242 VND",Same Day,2
110302637270,"Shaft Collar For Bearing Mounting (Space-Saving Design) - Set Screw / Compact, Set Screw",/vona2/detail/110302637270/?KWSearch=bearing&searchFlow=results2products&list=PageSearchResult,"78,160 VND",Same Day,2
110302193130,Lead Screw Support Units Square Type - Fixed Side Radial Bearing Type,/vona2/detail/110302193130/?KWSearch=bearing&searchFlow=results2products&list=PageSearchResult,"1,455,279 VND",Same Day,2
110302273020,Deep Groove Ball Bearing/Single Shielded,/vona2/detail/110302273020/?KWSearch=bearing&searchFlow=results2products&list=PageSearchResult,"63,599 VND",Same Day,2
110310471239,Silicon Coated Bearings With Screw Rod,/vona2/detail/110310471239/?KWSearch=bearing&searchFlow=results2products&list=PageSearchResult,"37,097 VND",Same Day,2
110310471059,Silicon Coated Bearings,/vona2/detail/110310471059/?KWSearch=bearing&searchFlow=results2products&list=PageSearchResult,"29,404 VND",Same Day,2
110300372250,Rod End Bearings - Link Ball L Type,/vona2/detail/110300372250/?KWSearch=bearing&searchFlow=results2products&list=PageSearchResult,"160,562 VND",Same Day,2
110302637360,"Shaft Collar - For Bearing Mounting / For Bearing Mounting (Space-Saving Design) - Clamp Type / Compact, Clamp",/vona2/detail/110302637360/?KWSearch=bearing&searchFlow=results2products&list=PageSearchResult,"98,040 VND",Same Day,2
221000058345,Thrust Roller Bearing(Φ10～Φ160),/vona2/detail/221000058345/?KWSearch=bearing&searchFlow=results2products&list=PageSearchResult,"11,000 VND",Same Day,2
110302651810,Idler - Belt Backside Tensioning - Center Bearing,/vona2/detail/110302651810/?KWSearch=bearing&searchFlow=results2products&list=PageSearchResult,"278,586 VND",Same Day,2
110300108350,"Ball Bearing, Heat Resistant/Grease Filled/Max Operating Temperature 230Deg.C",/vona2/detail/110300108350/?KWSearch=bearing&searchFlow=results2products&list=PageSearchResult,"789,467 VND",Same Day,2
110310654209,Thrust Needle Roller Bearings,/vona2/detail/110310654209/?KWSearch=bearing&searchFlow=results2products&list=PageSearchResult,"8,359 VND",Same Day,2
110302024520,Self-Aligning Ball Bearing,/vona2/detail/110302024520/?KWSearch=bearing&searchFlow=results2products&list=PageSearchResult,"200,806 VND",Same Day,2
110302278870,Silicon Rubber / Urethane Molded Bearings - Threaded Arc,/vona2/detail/110302278870/?KWSearch=bearing&searchFlow=results2products&list=PageSearchResult,"337,806 VND",Same Day,2
110300107830,Deep Groove Ball Bearing-Non-Contact Sealed/Contact Sealed,/vona2/detail/110300107830/?KWSearch=bearing&searchFlow=results2products&list=PageSearchResult,"60,262 VND",Same Day,2
110300429470,"Spur Gears - Bearing Built-In, Pressure Angle 20°",/vona2/detail/110300429470/?KWSearch=bearing&searchFlow=results2products&list=PageSearchResult,"612,222 VND",Same Day,2
221005158161,Linear Ball Bearing KH/KLM Type,/vona2/detail/221005158161/?KWSearch=bearing&searchFlow=results2products&list=PageSearchResult,"138,840 VND",Same Day,2
110302590640,Small Ball Bearing/Double Shielded/Stainless,/vona2/detail/110302590640/?KWSearch=bearing&searchFlow=results2products&list=PageSearchResult,"24,430 VND",Same Day,2
110310409139,Heavy Load Hinges With Bearing,/vona2/detail/110310409139/?KWSearch=bearing&searchFlow=results2products&list=PageSearchResult,"492,719 VND",Same Day,2
221000058626,Ball Bearing for Units,/vona2/detail/221000058626/?KWSearch=bearing&searchFlow=results2products&list=PageSearchResult,"94,801 VND",Same Day,2
221004938177,"Radial Ball Bearing, Flanged, Deep Groove (Metric Series)",/vona2/detail/221004938177/?KWSearch=bearing&searchFlow=results2products&list=PageSearchResult,"69,428 VND",Same Day,2
110300108530,Ball Bearings For Special Environment - SUS304 Ball Bearing,/vona2/detail/110300108530/?KWSearch=bearing&searchFlow=results2products&list=PageSearchResult,"568,520 VND",Same Day,2
110302650840,"Flanged Idlers with Teeth - S5M, S8M - Center Bearing",/vona2/detail/110302650840/?KWSearch=bearing&searchFlow=results2products&list=PageSearchResult,"291,510 VND",Same Day,2
221000068593,Cylindrical Roller Bearing (Radial),/vona2/detail/221000068593/?KWSearch=bearing&searchFlow=results2products&list=PageSearchResult,"388,340 VND",Same Day,2
110300117970,Thrust Needle Roller Bearings,/vona2/detail/110300117970/?KWSearch=bearing&searchFlow=results2products&list=PageSearchResult,"83,617 VND",Same Day,2
110302643050,Needle Roller Bearings with Thrust Ball Bearings - With Inner Ring,/vona2/detail/110302643050/?KWSearch=bearing&searchFlow=results2products&list=PageSearchResult,"693,260 VND",Same Day,2
221000058244,Shell-Style Needle Roller Bearing,/vona2/detail/221000058244/?KWSearch=bearing&searchFlow=results2products&list=PageSearchResult,"131,801 VND",Same Day,2
221000521777,Bearing With Resin DR-B (Screw Shaft Type),/vona2/detail/221000521777/?KWSearch=bearing&searchFlow=results2products&list=PageSearchResult,"22,556 VND",Same Day,2
110302273110,Deep Groove Ball Bearing/Double Shielded/C3 Clearance,/vona2/detail/110302273110/?KWSearch=bearing&searchFlow=results2products&list=PageSearchResult,"63,599 VND",Same Day,3
110302650750,"Flanged Idlers with Teeth - S2M, S3M - Both Sides Bearing",/vona2/detail/110302650750/?KWSearch=bearing&searchFlow=results2products&list=PageSearchResult,"348,680 VND",Same Day,3
110310555209,Lead Screw Stop Plates Round Flanged With Bearing,/vona2/detail/110310555209/?KWSearch=bearing&searchFlow=results2products&list=PageSearchResult,"310,239 VND",Same Day,3
110300101260,"Bearings with Housings - Short Double Bearings, Retained",/vona2/detail/110300101260/?KWSearch=bearing&searchFlow=results2products&list=PageSearchResult,,Same Day,3
110302400420,Lead Screw Support Units - Round - Fixed Side Radial Bearing Type,/vona2/detail/110302400420/?KWSearch=bearing&searchFlow=results2products&list=PageSearchResult,"1,019,900 VND",Same Day,3
221000089765,"Rod End Bearing, Standard Type, Model PB",/vona2/detail/221000089765/?KWSearch=bearing&searchFlow=results2products&list=PageSearchResult,"262,150 VND",Same Day,3
110302590820,Small Ball Bearing/Double Shielded/Stainless With Flange,/vona2/detail/110302590820/?KWSearch=bearing&searchFlow=results2products&list=PageSearchResult,"29,710 VND",Same Day,3
110300115440,"Ball Bearing, Low Dust Generation Grease Filled",/vona2/detail/110300115440/?KWSearch=bearing&searchFlow=results2products&list=PageSearchResult,"37,340 VND",Same Day,3
110310573479,Precision Bearing Lock Nuts Compact,/vona2/detail/110310573479/?KWSearch=bearing&searchFlow=results2products&list=PageSearchResult,"35,238 VND",Same Day,3
110300424230,Urethane Molded Bearings - Inner Wheel Protruded (For Light Load),/vona2/detail/110300424230/?KWSearch=bearing&searchFlow=results2products&list=PageSearchResult,"96,962 VND",Same Day,3
110302554510,"Ball Bearings With Stainless Steel Flange (Small Diameter / Deep Groove) Double Shield Type, Light Duty / Medium Speed Rotation Type",/vona2/detail/110302554510/?KWSearch=bearing&searchFlow=results2products&list=PageSearchResult,"47,090 VND",Same Day,3
110302643930,Ball Bearing/Cast Iron/Bottom Mount,/vona2/detail/110302643930/?KWSearch=bearing&searchFlow=results2products&list=PageSearchResult,"414,959 VND",Same Day,3
221000068560,SL Type Cylindrical Roller Bearing,/vona2/detail/221000068560/?KWSearch=bearing&searchFlow=results2products&list=PageSearchResult,"1,808,608 VND",Same Day,3
110300118850,"Ball Bearing, Heat Resistant/Grease Filled/Max Operating Temperature 160Deg.C",/vona2/detail/110300118850/?KWSearch=bearing&searchFlow=results2products&list=PageSearchResult,"98,220 VND",Same Day,3
110302273540,Small ball bearing open type,/vona2/detail/110302273540/?KWSearch=bearing&searchFlow=results2products&list=PageSearchResult,"33,364 VND",Same Day,3
110302650570,"Flanged Idlers with Teeth - L, H - Both Sides Bearing",/vona2/detail/110302650570/?KWSearch=bearing&searchFlow=results2products&list=PageSearchResult,"1,140,411 VND",Same Day,3
221000531194,Wave Washer (for Bearing),/vona2/detail/221000531194/?KWSearch=bearing&searchFlow=results2products&list=PageSearchResult,"2,749 VND",Same Day,3
110300108620,Plastic Ball Bearings,/vona2/detail/110300108620/?KWSearch=bearing&searchFlow=results2products&list=PageSearchResult,"440,005 VND",Same Day,3
110310555299,Lead Screw Stop Plates With Bearing For Compact Position Indicators,/vona2/detail/110310555299/?KWSearch=bearing&searchFlow=results2products&list=PageSearchResult,"309,721 VND",Same Day,3
221000068605,Self-Aligning Ball Bearings (Taper Hole / Cylindrical Hole),/vona2/detail/221000068605/?KWSearch=bearing&searchFlow=results2products&list=PageSearchResult,"200,653 VND",Same Day,3
110302558010,Urethane Press-Fit Bearings,/vona2/detail/110302558010/?KWSearch=bearing&searchFlow=results2products&list=PageSearchResult,"119,483 VND",Same Day,3
221000058424,Self-Aligning Roller Bearing (Double Row),/vona2/detail/221000058424/?KWSearch=bearing&searchFlow=results2products&list=PageSearchResult,"1,233,431 VND",Same Day,3
221005357296,Sintered Oil Retaining Bearing Bearphite,/vona2/detail/221005357296/?KWSearch=bearing&searchFlow=results2products&list=PageSearchResult,"50,753 VND",Same Day,3
110302509710,Bearings with Housings - T-Shaped Extruded Machined,/vona2/detail/110302509710/?KWSearch=bearing&searchFlow=results2products&list=PageSearchResult,"216,511 VND",Same Day,3
221005236573,"Thrust Ball Bearing, Open Type",/vona2/detail/221005236573/?KWSearch=bearing&searchFlow=results2products&list=PageSearchResult,"1,072,078 VND",Same Day,3
221005195623,"Manual X Axis, Crossed Roller Bearing Stages: 25×25 / 25×40 / 25×60 / 40×40 / 40×80 / 60×100 / 60×60 / 80×80 / 100×100 / 120×120 / 150×150 mm [S1-100]",/vona2/detail/221005195623/?KWSearch=bearing&searchFlow=results2products&list=PageSearchResult,"2,094,270 VND",Same Day,3
223005035022,Bearing puller set BP15S/BP30S/BP30FS,/vona2/detail/223005035022/?KWSearch=bearing&searchFlow=results2products&list=PageSearchResult,"6,011,947 VND",Same Day,3
110300371460,Spherical Bearing - Standard Type,/vona2/detail/110300371460/?KWSearch=bearing&searchFlow=results2products&list=PageSearchResult,"317,826 VND",Same Day,3
110302648560,Engineered Plastic Bearings - No Retaining Ring - Threaded Stud Hex Socket,/vona2/detail/110302648560/?KWSearch=bearing&searchFlow=results2products&list=PageSearchResult,"210,590 VND",Same Day,3
110302651270,"Flanged Idlers with Teeth - 2GT, 3GT, 5GT, 8YU - Center Bearing",/vona2/detail/110302651270/?KWSearch=bearing&searchFlow=results2products&list=PageSearchResult,"550,291 VND",Same Day,3
110310432359,Bearing Lock Nuts F Type 60-degree Clamping,/vona2/detail/110310432359/?KWSearch=bearing&searchFlow=results2products&list=PageSearchResult,"90,432 VND",Same Day,3
221000611317,"Ball Bearing Unit, Pillow-Type Unit, Cylindrical-Bore Type With Set Screws, UCPA Type",/vona2/detail/221000611317/?KWSearch=bearing&searchFlow=results2products&list=PageSearchResult,"398,307 VND",Same Day,3
110300108710,"Ball Bearings for Special Environment - Non-Grease, Non-Oil Plastic Ball",/vona2/detail/110300108710/?KWSearch=bearing&searchFlow=results2products&list=PageSearchResult,"1,697,980 VND",Same Day,3
221000385203,Double-Flanged Guide Rollers (Double Bearings) (GRL-S2-H),/vona2/detail/221000385203/?KWSearch=bearing&searchFlow=results2products&list=PageSearchResult,"567,613 VND",Same Day,3
110300589070,Deep Groove Ball Bearing With Retaining Rings/Double Shielded,/vona2/detail/110300589070/?KWSearch=bearing&searchFlow=results2products&list=PageSearchResult,"83,617 VND",Same Day,4
110302273270,Small Ball Bearing/Non-Contact Sealed/Contact Sealed/Stainless,/vona2/detail/110302273270/?KWSearch=bearing&searchFlow=results2products&list=PageSearchResult,"160,562 VND",Same Day,4
110302273970,Ball Bearing/Angular Contact/Single/Double Row Combination,/vona2/detail/110302273970/?KWSearch=bearing&searchFlow=results2products&list=PageSearchResult,"1,016,965 VND",Same Day,4
221000385247,Single-Flanged Guide Rollers (Double Bearings) (GRL-2-L),/vona2/detail/221000385247/?KWSearch=bearing&searchFlow=results2products&list=PageSearchResult,"425,325 VND",Same Day,4
110300113950,Hook Spanners for Bearing Nuts,/vona2/detail/110300113950/?KWSearch=bearing&searchFlow=results2products&list=PageSearchResult,"284,425 VND",Same Day,4
110302278710,Silicon Rubber / Urethane Molded Bearings - R Type,/vona2/detail/110302278710/?KWSearch=bearing&searchFlow=results2products&list=PageSearchResult,"116,530 VND",Same Day,4
110302643140,Needle Roller Bearings with Thrust Roller Bearings - With Inner Ring,/vona2/detail/110302643140/?KWSearch=bearing&searchFlow=results2products&list=PageSearchResult,"1,301,390 VND",Same Day,4
110302649170,"Engineering Plastic Bearing, U Groove Type, Male Thread Type, Hex Socket Male Thread Type",/vona2/detail/110302649170/?KWSearch=bearing&searchFlow=results2products&list=PageSearchResult,"287,716 VND",Same Day,4
110302650230,"Flanged Idlers with Teeth - MXL, XL - Center Bearing",/vona2/detail/110302650230/?KWSearch=bearing&searchFlow=results2products&list=PageSearchResult,"285,140 VND",Same Day,4
110310573569,Eccentric Bearing Lock Nuts,/vona2/detail/110310573569/?KWSearch=bearing&searchFlow=results2products&list=PageSearchResult,"67,040 VND",Same Day,4
110300114470,Bearing Lock Nuts - Hexagon,/vona2/detail/110300114470/?KWSearch=bearing&searchFlow=results2products&list=PageSearchResult,"140,543 VND",Same Day,4
221005156754,Ball Screw Support Angular Contact Thrust Ball Bearings (for machine tools) NSK TAC B Series,/vona2/detail/221005156754/?KWSearch=bearing&searchFlow=results2products&list=PageSearchResult,"1,610,149 VND",Same Day,4
221000385225,Y Groove Guide Rollers (Double Bearings) (GRL-S2-Y),/vona2/detail/221000385225/?KWSearch=bearing&searchFlow=results2products&list=PageSearchResult,"863,480 VND",Same Day,4
110300372160,Rod End Bearings - Link Ball Straight Type,/vona2/detail/110300372160/?KWSearch=bearing&searchFlow=results2products&list=PageSearchResult,"224,151 VND",Same Day,4
221005134480,ARE/AR Type Sleeve Bearing,/vona2/detail/221005134480/?KWSearch=bearing&searchFlow=results2products&list=PageSearchResult,"43,055 VND",Same Day,4
221005156686,"Thrust Ball Bearing, Double-Row",/vona2/detail/221005156686/?KWSearch=bearing&searchFlow=results2products&list=PageSearchResult,"528,388 VND",Same Day,4
221005358242,Thrust Needle Roller Bearing with Outer Ring,/vona2/detail/221005358242/?KWSearch=bearing&searchFlow=results2products&list=PageSearchResult,"57,225 VND",Same Day,4
110300101010,Bearings with Housings - Thrust Bearings,/vona2/detail/110300101010/?KWSearch=bearing&searchFlow=results2products&list=PageSearchResult,"1,388,343 VND",Same Day,4
110300424320,Urethane Molded Bearings - Inner Wheel Protruded (For Heavy Load,/vona2/detail/110300424320/?KWSearch=bearing&searchFlow=results2products&list=PageSearchResult,"207,479 VND",Same Day,4
110302272930,Deep Groove Ball Bearing with Retaining Rings/Double Shielded/Stainless,/vona2/detail/110302272930/?KWSearch=bearing&searchFlow=results2products&list=PageSearchResult,"290,990 VND",Same Day,4
110302649010,"Engineering Plastic Bearing, U Groove Type, No Thread Type",/vona2/detail/110302649010/?KWSearch=bearing&searchFlow=results2products&list=PageSearchResult,"257,525 VND",Same Day,4
221000089776,Spherical Surface Bearing SA1,/vona2/detail/221000089776/?KWSearch=bearing&searchFlow=results2products&list=PageSearchResult,"372,505 VND",Same Day,4
221005154426,"Ball Bearing, Other Available Products",/vona2/detail/221005154426/?KWSearch=bearing&searchFlow=results2products&list=PageSearchResult,"393,056 VND",Same Day,5
221000612396,Bearing with Bolt Steel-Made Hex Groove Type,/vona2/detail/221000612396/?KWSearch=bearing&searchFlow=results2products&list=PageSearchResult,"110,359 VND",Same Day,5
221006364622,[In-stock item] Slide Unit (Ball Bushing Bearing),/vona2/detail/221006364622/?KWSearch=bearing&searchFlow=results2products&list=PageSearchResult,"2,480,158 VND",Same Day,5
110300108260,Bearings with Set Screws,/vona2/detail/110300108260/?KWSearch=bearing&searchFlow=results2products&list=PageSearchResult,"709,186 VND",Same Day,5
110300116230,Low Dust Generation Grease Filled Ball Bearing with Flange,/vona2/detail/110300116230/?KWSearch=bearing&searchFlow=results2products&list=PageSearchResult,"46,410 VND",Same Day,5
110302273630,Small ball bearing contact rubber seal type,/vona2/detail/110302273630/?KWSearch=bearing&searchFlow=results2products&list=PageSearchResult,"37,800 VND",Same Day,5
110302650320,"Flanged Idlers with Teeth - MXL, XL - Both Sides Bearing",/vona2/detail/110302650320/?KWSearch=bearing&searchFlow=results2products&list=PageSearchResult,"368,440 VND",Same Day,5
223000851821,Replacement Blade With Bearing,/vona2/detail/223000851821/?KWSearch=bearing&searchFlow=results2products&list=PageSearchResult,"395,695 VND",Same Day,5
223005654096,"Laboratory Jack, Load-Bearing Capacity Of 8 To 45 kg",/vona2/detail/223005654096/?KWSearch=bearing&searchFlow=results2products&list=PageSearchResult,"2,673,786 VND",Same Day,5
110300079830,"Support Units - Fixed Side, Round- Fixed Side Radial Bearing Type (Economical, for Low Speed Applications)",/vona2/detail/110300079830/?KWSearch=bearing&searchFlow=results2products&list=PageSearchResult,"1,318,072 VND",Same Day,5
221005159072,Cylindrical Thrust Roller Bearing,/vona2/detail/221005159072/?KWSearch=bearing&searchFlow=results2products&list=PageSearchResult,"248,340 VND",Same Day,5
110302024770,Steel Plate Ball Bearing Units/Pillow Blocks,/vona2/detail/110302024770/?KWSearch=bearing&searchFlow=results2products&list=PageSearchResult,"254,189 VND",Same Day,5
110302644270,Ball Bearing/Cast Iron/Pilot,/vona2/detail/110302644270/?KWSearch=bearing&searchFlow=results2products&list=PageSearchResult,"471,678 VND",Same Day,5
221000529001,Deep Groove Ball Bearings Metric Series,/vona2/detail/221000529001/?KWSearch=bearing&searchFlow=results2products&list=PageSearchResult,"52,256 VND",Same Day,5
221000714603,Free Bear D-type (Bolt Type),/vona2/detail/221000714603/?KWSearch=bearing&searchFlow=results2products&list=PageSearchResult,"625,961 VND",Same Day,5
110300424140,Urethane Molded Bearing Shafts,/vona2/detail/110300424140/?KWSearch=bearing&searchFlow=results2products&list=PageSearchResult,"93,418 VND",Same Day,6
110302649530,"Engineering Plastic Bearing, Single Flange Type, Hex Socket Male Thread Type",/vona2/detail/110302649530/?KWSearch=bearing&searchFlow=results2products&list=PageSearchResult,"294,407 VND",Same Day,6
223005034841,Armature Bearing Puller,/vona2/detail/223005034841/?KWSearch=bearing&searchFlow=results2products&list=PageSearchResult,"913,762 VND",Same Day,6
221005134491,ARF Type Sleeve Bearing with Flange,/vona2/detail/221005134491/?KWSearch=bearing&searchFlow=results2products&list=PageSearchResult,"40,524 VND",Same Day,7
221005501321,Duracon® bearing door roller round (C shaped frame) [2 pieces] 【2 Pieces Per Package】,/vona2/detail/221005501321/?KWSearch=bearing&searchFlow=results2products&list=PageSearchResult,"560,000 VND",Same Day,9
