Name,Product URL
Ball Bearings,https://vn.misumi-ec.com/vona2/detail/110310367019/?KWSearch=bearing&searchFlow=results2products&list=PageSearchResult
Ball Bearings Stainless Steel,https://vn.misumi-ec.com/vona2/detail/110310432629/?KWSearch=bearing&searchFlow=results2products&list=PageSearchResult
Deep Groove Ball Bearing-Double Shielded,https://vn.misumi-ec.com/vona2/detail/110300107740/?KWSearch=bearing&searchFlow=results2products&list=PageSearchResult
Small Ball Bearings Stainless Steel,https://vn.misumi-ec.com/vona2/detail/110310432539/?KWSearch=bearing&searchFlow=results2products&list=PageSearchResult
Small Ball Bearings Double Shield Type -Stainless Steel-,https://vn.misumi-ec.com/vona2/detail/110302273360/?KWSearch=bearing&searchFlow=results2products&list=PageSearchResult
Tapered Roller Bearing (Separate Type),https://vn.misumi-ec.com/vona2/detail/221000058390/?KWSearch=bearing&searchFlow=results2products&list=PageSearchResult
Small Ball Bearings,https://vn.misumi-ec.com/vona2/detail/110310366929/?KWSearch=bearing&searchFlow=results2products&list=PageSearchResult
Ball Bearing/Cast Iron/Diamond Flanged,https://vn.misumi-ec.com/vona2/detail/110302644020/?KWSearch=bearing&searchFlow=results2products&list=PageSearchResult
Ball Bearing/Cast Iron/Square Flanged,https://vn.misumi-ec.com/vona2/detail/110302644110/?KWSearch=bearing&searchFlow=results2products&list=PageSearchResult
Single Row Deep Groove Ball Bearing (Open Type / Sealed Type / Shielded Type),https://vn.misumi-ec.com/vona2/detail/221000058301/?KWSearch=bearing&searchFlow=results2products&list=PageSearchResult
Bearings With Long Screw Rod,https://vn.misumi-ec.com/vona2/detail/110310471509/?KWSearch=bearing&searchFlow=results2products&list=PageSearchResult
Flanged Small Ball Bearings Stainless Steel,https://vn.misumi-ec.com/vona2/detail/110310432719/?KWSearch=bearing&searchFlow=results2products&list=PageSearchResult
Deep Groove Ball Bearing/Double Shielded,https://vn.misumi-ec.com/vona2/detail/110302590550/?KWSearch=bearing&searchFlow=results2products&list=PageSearchResult
Angular Ball Bearing (Single Row/Double Row),https://vn.misumi-ec.com/vona2/detail/221000058233/?KWSearch=bearing&searchFlow=results2products&list=PageSearchResult
Thrust Ball Bearing,https://vn.misumi-ec.com/vona2/detail/110300117720/?KWSearch=bearing&searchFlow=results2products&list=PageSearchResult
Small Ball Bearings Double Shield Type with Flange Stainless Steel,https://vn.misumi-ec.com/vona2/detail/110302273720/?KWSearch=bearing&searchFlow=results2products&list=PageSearchResult
"Bearings with Housings - T-Shaped, Retained",https://vn.misumi-ec.com/vona2/detail/110300105210/?KWSearch=bearing&searchFlow=results2products&list=PageSearchResult
Flanged Ball Bearings Stainless Steel,https://vn.misumi-ec.com/vona2/detail/110310432809/?KWSearch=bearing&searchFlow=results2products&list=PageSearchResult
Ball Bearings Rubber Sealed,https://vn.misumi-ec.com/vona2/detail/110310367379/?KWSearch=bearing&searchFlow=results2products&list=PageSearchResult
Ball Bearing/Cast Iron/Pillow Blocks,https://vn.misumi-ec.com/vona2/detail/110302643840/?KWSearch=bearing&searchFlow=results2products&list=PageSearchResult
"Bearings with Housings - Double Bearings, Retained, L Selectable",https://vn.misumi-ec.com/vona2/detail/110300101530/?KWSearch=bearing&searchFlow=results2products&list=PageSearchResult
"Drawn Cup Needle Roller Bearing, Outer Ring",https://vn.misumi-ec.com/vona2/detail/221000068571/?KWSearch=bearing&searchFlow=results2products&list=PageSearchResult
Self-Aligning Ball Bearings,https://vn.misumi-ec.com/vona2/detail/221000058323/?KWSearch=bearing&searchFlow=results2products&list=PageSearchResult
Deep-Groove Ball Bearing for high speed applications,https://vn.misumi-ec.com/vona2/detail/221000058413/?KWSearch=bearing&searchFlow=results2products&list=PageSearchResult
Roller Followers - Bearing Separable,https://vn.misumi-ec.com/vona2/detail/110302716210/?KWSearch=bearing&searchFlow=results2products&list=PageSearchResult
Bearing Shaft Screws,https://vn.misumi-ec.com/vona2/detail/110310459089/?KWSearch=bearing&searchFlow=results2products&list=PageSearchResult
Bearings With Screw Rod,https://vn.misumi-ec.com/vona2/detail/110310471419/?KWSearch=bearing&searchFlow=results2products&list=PageSearchResult
Urethane Molded Rollers With Bearings,https://vn.misumi-ec.com/vona2/detail/110310365039/?KWSearch=bearing&searchFlow=results2products&list=PageSearchResult
"Bearings With Housing T-Shaped, Lightweight, Compact",https://vn.misumi-ec.com/vona2/detail/110310411209/?KWSearch=bearing&searchFlow=results2products&list=PageSearchResult
Small Deep Groove Ball Bearing With Flange-Double Shielded,https://vn.misumi-ec.com/vona2/detail/110300107650/?KWSearch=bearing&searchFlow=results2products&list=PageSearchResult
Bearing Housing Set Diamond-Shaped Lightweight Snap Ring Embedded Type,https://vn.misumi-ec.com/vona2/detail/110310411479/?KWSearch=bearing&searchFlow=results2products&list=PageSearchResult
"Guide Bearing-U Groove, Stainless Steel",https://vn.misumi-ec.com/vona2/detail/110310615329/?KWSearch=bearing&searchFlow=results2products&list=PageSearchResult
"Bearings with Housings - Direct Mount, Retained",https://vn.misumi-ec.com/vona2/detail/110300100130/?KWSearch=bearing&searchFlow=results2products&list=PageSearchResult
Ball Bearing/Angular Contact/Single/Double Row Combination/Standard Grade,https://vn.misumi-ec.com/vona2/detail/110302643320/?KWSearch=bearing&searchFlow=results2products&list=PageSearchResult
"Insert Bearing with Set Screws and Cylindrical Hole Shape, UC Shape",https://vn.misumi-ec.com/vona2/detail/221000611902/?KWSearch=bearing&searchFlow=results2products&list=PageSearchResult
Bearing Housing Set Diamond-Shaped Lightweight Snap Ring Not Provided Type,https://vn.misumi-ec.com/vona2/detail/110310411299/?KWSearch=bearing&searchFlow=results2products&list=PageSearchResult
Ball Bearings Open Type,https://vn.misumi-ec.com/vona2/detail/110310367469/?KWSearch=bearing&searchFlow=results2products&list=PageSearchResult
One End Cone Type Tapered Roller Bearings,https://vn.misumi-ec.com/vona2/detail/221000058288/?KWSearch=bearing&searchFlow=results2products&list=PageSearchResult
Small Ball Bearing/Double Shielded,https://vn.misumi-ec.com/vona2/detail/110302590460/?KWSearch=bearing&searchFlow=results2products&list=PageSearchResult
AC Ball Bearing,https://vn.misumi-ec.com/vona2/detail/221000068559/?KWSearch=bearing&searchFlow=results2products&list=PageSearchResult
Angular Contact Ball Bearings Double Row DF Combination,https://vn.misumi-ec.com/vona2/detail/110310573299/?KWSearch=bearing&searchFlow=results2products&list=PageSearchResult
"Ball Bearing, Double-Row Angular Contact",https://vn.misumi-ec.com/vona2/detail/221000068616/?KWSearch=bearing&searchFlow=results2products&list=PageSearchResult
Angular Ball Bearing,https://vn.misumi-ec.com/vona2/detail/221000058334/?KWSearch=bearing&searchFlow=results2products&list=PageSearchResult
Thrust Ball Bearings,https://vn.misumi-ec.com/vona2/detail/110310654299/?KWSearch=bearing&searchFlow=results2products&list=PageSearchResult
Ball Bearing/Diamond Flanged,https://vn.misumi-ec.com/vona2/detail/110302643750/?KWSearch=bearing&searchFlow=results2products&list=PageSearchResult
Single Thrust Ball Bearings,https://vn.misumi-ec.com/vona2/detail/221000058299/?KWSearch=bearing&searchFlow=results2products&list=PageSearchResult
Deep Groove Ball Bearings Double Shield Type -Stainless Steel-,https://vn.misumi-ec.com/vona2/detail/110302272750/?KWSearch=bearing&searchFlow=results2products&list=PageSearchResult
Urethane Molded Bearings With Screw Rod,https://vn.misumi-ec.com/vona2/detail/110310392759/?KWSearch=bearing&searchFlow=results2products&list=PageSearchResult
Threaded Bearings,https://vn.misumi-ec.com/vona2/detail/110300425110/?KWSearch=bearing&searchFlow=results2products&list=PageSearchResult
With metal roller bearing,https://vn.misumi-ec.com/vona2/detail/110302645940/?KWSearch=bearing&searchFlow=results2products&list=PageSearchResult
Silicon Rubber / Urethane Molded Bearings - Flat,https://vn.misumi-ec.com/vona2/detail/110300423960/?KWSearch=bearing&searchFlow=results2products&list=PageSearchResult
"Thrust Ball Bearing, Angular Contact, For Ball Screw Support",https://vn.misumi-ec.com/vona2/detail/221005156743/?KWSearch=bearing&searchFlow=results2products&list=PageSearchResult
Solid Type Needle Roller Bearing,https://vn.misumi-ec.com/vona2/detail/221000058367/?KWSearch=bearing&searchFlow=results2products&list=PageSearchResult
Angular Contact Ball Bearings Single Row Universal Combination,https://vn.misumi-ec.com/vona2/detail/110310573389/?KWSearch=bearing&searchFlow=results2products&list=PageSearchResult
Needle Roller Bearings with Thrust Ball Bearings,https://vn.misumi-ec.com/vona2/detail/221005159184/?KWSearch=bearing&searchFlow=results2products&list=PageSearchResult
Angular Contact Ball Bearings Single Row,https://vn.misumi-ec.com/vona2/detail/110310573119/?KWSearch=bearing&searchFlow=results2products&list=PageSearchResult
Urethane Molded Bearings Standard,https://vn.misumi-ec.com/vona2/detail/110310392669/?KWSearch=bearing&searchFlow=results2products&list=PageSearchResult
"Ball Bearings Plastic, POM",https://vn.misumi-ec.com/vona2/detail/110310574829/?KWSearch=bearing&searchFlow=results2products&list=PageSearchResult
Loosening Prevention Nuts for Bearing,https://vn.misumi-ec.com/vona2/detail/110310573659/?KWSearch=bearing&searchFlow=results2products&list=PageSearchResult
"Radial Ball Bearing, Deep Groove (Metric Series)",https://vn.misumi-ec.com/vona2/detail/221004938155/?KWSearch=bearing&searchFlow=results2products&list=PageSearchResult
"Bearings with Housings - Standard with Pilot, Retained",https://vn.misumi-ec.com/vona2/detail/110300100470/?KWSearch=bearing&searchFlow=results2products&list=PageSearchResult
Idler - Belt Backside Tensioning - Both Sides Bearing,https://vn.misumi-ec.com/vona2/detail/110302651970/?KWSearch=bearing&searchFlow=results2products&list=PageSearchResult
"[C-VALUE] Ball Bearing Units - Cast Iron, Pillow Blocks",https://vn.misumi-ec.com/vona2/detail/110302715150/?KWSearch=bearing&searchFlow=results2products&list=PageSearchResult
Bearings with Housings - Low Dust Generation Grease Filled - Double Bearings,https://vn.misumi-ec.com/vona2/detail/110300104420/?KWSearch=bearing&searchFlow=results2products&list=PageSearchResult
Engineered Plastic Bearings - No Retaining Ring - Straight Bore,https://vn.misumi-ec.com/vona2/detail/110302648470/?KWSearch=bearing&searchFlow=results2products&list=PageSearchResult
Self-Aligning Roller Bearings,https://vn.misumi-ec.com/vona2/detail/221000058312/?KWSearch=bearing&searchFlow=results2products&list=PageSearchResult
Ball Bearing/Pillow Blocks,https://vn.misumi-ec.com/vona2/detail/110302643660/?KWSearch=bearing&searchFlow=results2products&list=PageSearchResult
Angular Contact Ball Bearings Double Row DB Combination,https://vn.misumi-ec.com/vona2/detail/110310573209/?KWSearch=bearing&searchFlow=results2products&list=PageSearchResult
Urethane Rollers - with Pressed Bearings,https://vn.misumi-ec.com/vona2/detail/110302002820/?KWSearch=bearing&searchFlow=results2products&list=PageSearchResult
Bearings with Housings - Non-Retained,https://vn.misumi-ec.com/vona2/detail/110300100740/?KWSearch=bearing&searchFlow=results2products&list=PageSearchResult
"Flanged Idlers with Teeth - T5, T10 - Both Sides Bearing",https://vn.misumi-ec.com/vona2/detail/110302651540/?KWSearch=bearing&searchFlow=results2products&list=PageSearchResult
Silicon Rubber / Urethane Molded Bearings - Threaded Flat,https://vn.misumi-ec.com/vona2/detail/110300424050/?KWSearch=bearing&searchFlow=results2products&list=PageSearchResult
Deep Groove Ball Bearing/Double Shielded/Stainless,https://vn.misumi-ec.com/vona2/detail/110302590730/?KWSearch=bearing&searchFlow=results2products&list=PageSearchResult
Rod End Bearings - Threaded / Tapped,https://vn.misumi-ec.com/vona2/detail/110302578470/?KWSearch=bearing&searchFlow=results2products&list=PageSearchResult
Ball Bearing/Angular Contact/Single/Single Row Combination/Standard Grade,https://vn.misumi-ec.com/vona2/detail/110302643230/?KWSearch=bearing&searchFlow=results2products&list=PageSearchResult
Rod End Bearings Male Threaded,https://vn.misumi-ec.com/vona2/detail/110310557189/?KWSearch=bearing&searchFlow=results2products&list=PageSearchResult
"Shaft Collar For Bearing Mounting (Space-Saving Design) - Set Screw / Compact, Set Screw",https://vn.misumi-ec.com/vona2/detail/110302637270/?KWSearch=bearing&searchFlow=results2products&list=PageSearchResult
Lead Screw Support Units Square Type - Fixed Side Radial Bearing Type,https://vn.misumi-ec.com/vona2/detail/110302193130/?KWSearch=bearing&searchFlow=results2products&list=PageSearchResult
Deep Groove Ball Bearing/Single Shielded,https://vn.misumi-ec.com/vona2/detail/110302273020/?KWSearch=bearing&searchFlow=results2products&list=PageSearchResult
Silicon Coated Bearings With Screw Rod,https://vn.misumi-ec.com/vona2/detail/110310471239/?KWSearch=bearing&searchFlow=results2products&list=PageSearchResult
Silicon Coated Bearings,https://vn.misumi-ec.com/vona2/detail/110310471059/?KWSearch=bearing&searchFlow=results2products&list=PageSearchResult
Rod End Bearings - Link Ball L Type,https://vn.misumi-ec.com/vona2/detail/110300372250/?KWSearch=bearing&searchFlow=results2products&list=PageSearchResult
"Shaft Collar - For Bearing Mounting / For Bearing Mounting (Space-Saving Design) - Clamp Type / Compact, Clamp",https://vn.misumi-ec.com/vona2/detail/110302637360/?KWSearch=bearing&searchFlow=results2products&list=PageSearchResult
Thrust Roller Bearing(Φ10～Φ160),https://vn.misumi-ec.com/vona2/detail/221000058345/?KWSearch=bearing&searchFlow=results2products&list=PageSearchResult
Idler - Belt Backside Tensioning - Center Bearing,https://vn.misumi-ec.com/vona2/detail/110302651810/?KWSearch=bearing&searchFlow=results2products&list=PageSearchResult
"Ball Bearing, Heat Resistant/Grease Filled/Max Operating Temperature 230Deg.C",https://vn.misumi-ec.com/vona2/detail/110300108350/?KWSearch=bearing&searchFlow=results2products&list=PageSearchResult
Thrust Needle Roller Bearings,https://vn.misumi-ec.com/vona2/detail/110310654209/?KWSearch=bearing&searchFlow=results2products&list=PageSearchResult
Self-Aligning Ball Bearing,https://vn.misumi-ec.com/vona2/detail/110302024520/?KWSearch=bearing&searchFlow=results2products&list=PageSearchResult
Silicon Rubber / Urethane Molded Bearings - Threaded Arc,https://vn.misumi-ec.com/vona2/detail/110302278870/?KWSearch=bearing&searchFlow=results2products&list=PageSearchResult
Deep Groove Ball Bearing-Non-Contact Sealed/Contact Sealed,https://vn.misumi-ec.com/vona2/detail/110300107830/?KWSearch=bearing&searchFlow=results2products&list=PageSearchResult
"Spur Gears - Bearing Built-In, Pressure Angle 20°",https://vn.misumi-ec.com/vona2/detail/110300429470/?KWSearch=bearing&searchFlow=results2products&list=PageSearchResult
Linear Ball Bearing KH/KLM Type,https://vn.misumi-ec.com/vona2/detail/221005158161/?KWSearch=bearing&searchFlow=results2products&list=PageSearchResult
Small Ball Bearing/Double Shielded/Stainless,https://vn.misumi-ec.com/vona2/detail/110302590640/?KWSearch=bearing&searchFlow=results2products&list=PageSearchResult
Heavy Load Hinges With Bearing,https://vn.misumi-ec.com/vona2/detail/110310409139/?KWSearch=bearing&searchFlow=results2products&list=PageSearchResult
Ball Bearing for Units,https://vn.misumi-ec.com/vona2/detail/221000058626/?KWSearch=bearing&searchFlow=results2products&list=PageSearchResult
"Radial Ball Bearing, Flanged, Deep Groove (Metric Series)",https://vn.misumi-ec.com/vona2/detail/221004938177/?KWSearch=bearing&searchFlow=results2products&list=PageSearchResult
Ball Bearings For Special Environment - SUS304 Ball Bearing,https://vn.misumi-ec.com/vona2/detail/110300108530/?KWSearch=bearing&searchFlow=results2products&list=PageSearchResult
"Flanged Idlers with Teeth - S5M, S8M - Center Bearing",https://vn.misumi-ec.com/vona2/detail/110302650840/?KWSearch=bearing&searchFlow=results2products&list=PageSearchResult
Cylindrical Roller Bearing (Radial),https://vn.misumi-ec.com/vona2/detail/221000068593/?KWSearch=bearing&searchFlow=results2products&list=PageSearchResult
Thrust Needle Roller Bearings,https://vn.misumi-ec.com/vona2/detail/110300117970/?KWSearch=bearing&searchFlow=results2products&list=PageSearchResult
Needle Roller Bearings with Thrust Ball Bearings - With Inner Ring,https://vn.misumi-ec.com/vona2/detail/110302643050/?KWSearch=bearing&searchFlow=results2products&list=PageSearchResult
Shell-Style Needle Roller Bearing,https://vn.misumi-ec.com/vona2/detail/221000058244/?KWSearch=bearing&searchFlow=results2products&list=PageSearchResult
Bearing With Resin DR-B (Screw Shaft Type),https://vn.misumi-ec.com/vona2/detail/221000521777/?KWSearch=bearing&searchFlow=results2products&list=PageSearchResult
Deep Groove Ball Bearing/Double Shielded/C3 Clearance,https://vn.misumi-ec.com/vona2/detail/110302273110/?KWSearch=bearing&searchFlow=results2products&list=PageSearchResult
"Flanged Idlers with Teeth - S2M, S3M - Both Sides Bearing",https://vn.misumi-ec.com/vona2/detail/110302650750/?KWSearch=bearing&searchFlow=results2products&list=PageSearchResult
Lead Screw Stop Plates Round Flanged With Bearing,https://vn.misumi-ec.com/vona2/detail/110310555209/?KWSearch=bearing&searchFlow=results2products&list=PageSearchResult
"Bearings with Housings - Short Double Bearings, Retained",https://vn.misumi-ec.com/vona2/detail/110300101260/?KWSearch=bearing&searchFlow=results2products&list=PageSearchResult
Lead Screw Support Units - Round - Fixed Side Radial Bearing Type,https://vn.misumi-ec.com/vona2/detail/110302400420/?KWSearch=bearing&searchFlow=results2products&list=PageSearchResult
"Rod End Bearing, Standard Type, Model PB",https://vn.misumi-ec.com/vona2/detail/221000089765/?KWSearch=bearing&searchFlow=results2products&list=PageSearchResult
Small Ball Bearing/Double Shielded/Stainless With Flange,https://vn.misumi-ec.com/vona2/detail/110302590820/?KWSearch=bearing&searchFlow=results2products&list=PageSearchResult
"Ball Bearing, Low Dust Generation Grease Filled",https://vn.misumi-ec.com/vona2/detail/110300115440/?KWSearch=bearing&searchFlow=results2products&list=PageSearchResult
Precision Bearing Lock Nuts Compact,https://vn.misumi-ec.com/vona2/detail/110310573479/?KWSearch=bearing&searchFlow=results2products&list=PageSearchResult
Urethane Molded Bearings - Inner Wheel Protruded (For Light Load),https://vn.misumi-ec.com/vona2/detail/110300424230/?KWSearch=bearing&searchFlow=results2products&list=PageSearchResult
"Ball Bearings With Stainless Steel Flange (Small Diameter / Deep Groove) Double Shield Type, Light Duty / Medium Speed Rotation Type",https://vn.misumi-ec.com/vona2/detail/110302554510/?KWSearch=bearing&searchFlow=results2products&list=PageSearchResult
Ball Bearing/Cast Iron/Bottom Mount,https://vn.misumi-ec.com/vona2/detail/110302643930/?KWSearch=bearing&searchFlow=results2products&list=PageSearchResult
SL Type Cylindrical Roller Bearing,https://vn.misumi-ec.com/vona2/detail/221000068560/?KWSearch=bearing&searchFlow=results2products&list=PageSearchResult
"Ball Bearing, Heat Resistant/Grease Filled/Max Operating Temperature 160Deg.C",https://vn.misumi-ec.com/vona2/detail/110300118850/?KWSearch=bearing&searchFlow=results2products&list=PageSearchResult
Small ball bearing open type,https://vn.misumi-ec.com/vona2/detail/110302273540/?KWSearch=bearing&searchFlow=results2products&list=PageSearchResult
"Flanged Idlers with Teeth - L, H - Both Sides Bearing",https://vn.misumi-ec.com/vona2/detail/110302650570/?KWSearch=bearing&searchFlow=results2products&list=PageSearchResult
Wave Washer (for Bearing),https://vn.misumi-ec.com/vona2/detail/221000531194/?KWSearch=bearing&searchFlow=results2products&list=PageSearchResult
Plastic Ball Bearings,https://vn.misumi-ec.com/vona2/detail/110300108620/?KWSearch=bearing&searchFlow=results2products&list=PageSearchResult
Lead Screw Stop Plates With Bearing For Compact Position Indicators,https://vn.misumi-ec.com/vona2/detail/110310555299/?KWSearch=bearing&searchFlow=results2products&list=PageSearchResult
Self-Aligning Ball Bearings (Taper Hole / Cylindrical Hole),https://vn.misumi-ec.com/vona2/detail/221000068605/?KWSearch=bearing&searchFlow=results2products&list=PageSearchResult
Urethane Press-Fit Bearings,https://vn.misumi-ec.com/vona2/detail/110302558010/?KWSearch=bearing&searchFlow=results2products&list=PageSearchResult
Self-Aligning Roller Bearing (Double Row),https://vn.misumi-ec.com/vona2/detail/221000058424/?KWSearch=bearing&searchFlow=results2products&list=PageSearchResult
Sintered Oil Retaining Bearing Bearphite,https://vn.misumi-ec.com/vona2/detail/221005357296/?KWSearch=bearing&searchFlow=results2products&list=PageSearchResult
Bearings with Housings - T-Shaped Extruded Machined,https://vn.misumi-ec.com/vona2/detail/110302509710/?KWSearch=bearing&searchFlow=results2products&list=PageSearchResult
"Thrust Ball Bearing, Open Type",https://vn.misumi-ec.com/vona2/detail/221005236573/?KWSearch=bearing&searchFlow=results2products&list=PageSearchResult
"Manual X Axis, Crossed Roller Bearing Stages: 25×25 / 25×40 / 25×60 / 40×40 / 40×80 / 60×100 / 60×60 / 80×80 / 100×100 / 120×120 / 150×150 mm [S1-100]",https://vn.misumi-ec.com/vona2/detail/221005195623/?KWSearch=bearing&searchFlow=results2products&list=PageSearchResult
Bearing puller set BP15S/BP30S/BP30FS,https://vn.misumi-ec.com/vona2/detail/223005035022/?KWSearch=bearing&searchFlow=results2products&list=PageSearchResult
Spherical Bearing - Standard Type,https://vn.misumi-ec.com/vona2/detail/110300371460/?KWSearch=bearing&searchFlow=results2products&list=PageSearchResult
Engineered Plastic Bearings - No Retaining Ring - Threaded Stud Hex Socket,https://vn.misumi-ec.com/vona2/detail/110302648560/?KWSearch=bearing&searchFlow=results2products&list=PageSearchResult
"Flanged Idlers with Teeth - 2GT, 3GT, 5GT, 8YU - Center Bearing",https://vn.misumi-ec.com/vona2/detail/110302651270/?KWSearch=bearing&searchFlow=results2products&list=PageSearchResult
Bearing Lock Nuts F Type 60-degree Clamping,https://vn.misumi-ec.com/vona2/detail/110310432359/?KWSearch=bearing&searchFlow=results2products&list=PageSearchResult
"Ball Bearing Unit, Pillow-Type Unit, Cylindrical-Bore Type With Set Screws, UCPA Type",https://vn.misumi-ec.com/vona2/detail/221000611317/?KWSearch=bearing&searchFlow=results2products&list=PageSearchResult
"Ball Bearings for Special Environment - Non-Grease, Non-Oil Plastic Ball",https://vn.misumi-ec.com/vona2/detail/110300108710/?KWSearch=bearing&searchFlow=results2products&list=PageSearchResult
Double-Flanged Guide Rollers (Double Bearings) (GRL-S2-H),https://vn.misumi-ec.com/vona2/detail/221000385203/?KWSearch=bearing&searchFlow=results2products&list=PageSearchResult
Deep Groove Ball Bearing With Retaining Rings/Double Shielded,https://vn.misumi-ec.com/vona2/detail/110300589070/?KWSearch=bearing&searchFlow=results2products&list=PageSearchResult
Small Ball Bearing/Non-Contact Sealed/Contact Sealed/Stainless,https://vn.misumi-ec.com/vona2/detail/110302273270/?KWSearch=bearing&searchFlow=results2products&list=PageSearchResult
Ball Bearing/Angular Contact/Single/Double Row Combination,https://vn.misumi-ec.com/vona2/detail/110302273970/?KWSearch=bearing&searchFlow=results2products&list=PageSearchResult
Single-Flanged Guide Rollers (Double Bearings) (GRL-2-L),https://vn.misumi-ec.com/vona2/detail/221000385247/?KWSearch=bearing&searchFlow=results2products&list=PageSearchResult
Hook Spanners for Bearing Nuts,https://vn.misumi-ec.com/vona2/detail/110300113950/?KWSearch=bearing&searchFlow=results2products&list=PageSearchResult
Silicon Rubber / Urethane Molded Bearings - R Type,https://vn.misumi-ec.com/vona2/detail/110302278710/?KWSearch=bearing&searchFlow=results2products&list=PageSearchResult
Needle Roller Bearings with Thrust Roller Bearings - With Inner Ring,https://vn.misumi-ec.com/vona2/detail/110302643140/?KWSearch=bearing&searchFlow=results2products&list=PageSearchResult
"Engineering Plastic Bearing, U Groove Type, Male Thread Type, Hex Socket Male Thread Type",https://vn.misumi-ec.com/vona2/detail/110302649170/?KWSearch=bearing&searchFlow=results2products&list=PageSearchResult
"Flanged Idlers with Teeth - MXL, XL - Center Bearing",https://vn.misumi-ec.com/vona2/detail/110302650230/?KWSearch=bearing&searchFlow=results2products&list=PageSearchResult
Eccentric Bearing Lock Nuts,https://vn.misumi-ec.com/vona2/detail/110310573569/?KWSearch=bearing&searchFlow=results2products&list=PageSearchResult
Bearing Lock Nuts - Hexagon,https://vn.misumi-ec.com/vona2/detail/110300114470/?KWSearch=bearing&searchFlow=results2products&list=PageSearchResult
Ball Screw Support Angular Contact Thrust Ball Bearings (for machine tools) NSK TAC B Series,https://vn.misumi-ec.com/vona2/detail/221005156754/?KWSearch=bearing&searchFlow=results2products&list=PageSearchResult
Y Groove Guide Rollers (Double Bearings) (GRL-S2-Y),https://vn.misumi-ec.com/vona2/detail/221000385225/?KWSearch=bearing&searchFlow=results2products&list=PageSearchResult
Rod End Bearings - Link Ball Straight Type,https://vn.misumi-ec.com/vona2/detail/110300372160/?KWSearch=bearing&searchFlow=results2products&list=PageSearchResult
ARE/AR Type Sleeve Bearing,https://vn.misumi-ec.com/vona2/detail/221005134480/?KWSearch=bearing&searchFlow=results2products&list=PageSearchResult
"Thrust Ball Bearing, Double-Row",https://vn.misumi-ec.com/vona2/detail/221005156686/?KWSearch=bearing&searchFlow=results2products&list=PageSearchResult
Thrust Needle Roller Bearing with Outer Ring,https://vn.misumi-ec.com/vona2/detail/221005358242/?KWSearch=bearing&searchFlow=results2products&list=PageSearchResult
Bearings with Housings - Thrust Bearings,https://vn.misumi-ec.com/vona2/detail/110300101010/?KWSearch=bearing&searchFlow=results2products&list=PageSearchResult
Urethane Molded Bearings - Inner Wheel Protruded (For Heavy Load,https://vn.misumi-ec.com/vona2/detail/110300424320/?KWSearch=bearing&searchFlow=results2products&list=PageSearchResult
Deep Groove Ball Bearing with Retaining Rings/Double Shielded/Stainless,https://vn.misumi-ec.com/vona2/detail/110302272930/?KWSearch=bearing&searchFlow=results2products&list=PageSearchResult
"Engineering Plastic Bearing, U Groove Type, No Thread Type",https://vn.misumi-ec.com/vona2/detail/110302649010/?KWSearch=bearing&searchFlow=results2products&list=PageSearchResult
Spherical Surface Bearing SA1,https://vn.misumi-ec.com/vona2/detail/221000089776/?KWSearch=bearing&searchFlow=results2products&list=PageSearchResult
"Ball Bearing, Other Available Products",https://vn.misumi-ec.com/vona2/detail/221005154426/?KWSearch=bearing&searchFlow=results2products&list=PageSearchResult
Bearing with Bolt Steel-Made Hex Groove Type,https://vn.misumi-ec.com/vona2/detail/221000612396/?KWSearch=bearing&searchFlow=results2products&list=PageSearchResult
[In-stock item] Slide Unit (Ball Bushing Bearing),https://vn.misumi-ec.com/vona2/detail/221006364622/?KWSearch=bearing&searchFlow=results2products&list=PageSearchResult
Bearings with Set Screws,https://vn.misumi-ec.com/vona2/detail/110300108260/?KWSearch=bearing&searchFlow=results2products&list=PageSearchResult
Low Dust Generation Grease Filled Ball Bearing with Flange,https://vn.misumi-ec.com/vona2/detail/110300116230/?KWSearch=bearing&searchFlow=results2products&list=PageSearchResult
Small ball bearing contact rubber seal type,https://vn.misumi-ec.com/vona2/detail/110302273630/?KWSearch=bearing&searchFlow=results2products&list=PageSearchResult
"Flanged Idlers with Teeth - MXL, XL - Both Sides Bearing",https://vn.misumi-ec.com/vona2/detail/110302650320/?KWSearch=bearing&searchFlow=results2products&list=PageSearchResult
Replacement Blade With Bearing,https://vn.misumi-ec.com/vona2/detail/223000851821/?KWSearch=bearing&searchFlow=results2products&list=PageSearchResult
"Laboratory Jack, Load-Bearing Capacity Of 8 To 45 kg",https://vn.misumi-ec.com/vona2/detail/223005654096/?KWSearch=bearing&searchFlow=results2products&list=PageSearchResult
"Support Units - Fixed Side, Round - Fixed Side Radial Bearing Type (Economical, for Low Speed Applications)",https://vn.misumi-ec.com/vona2/detail/110300079830/?KWSearch=bearing&searchFlow=results2products&list=PageSearchResult
Cylindrical Thrust Roller Bearing,https://vn.misumi-ec.com/vona2/detail/221005159072/?KWSearch=bearing&searchFlow=results2products&list=PageSearchResult
Steel Plate Ball Bearing Units/Pillow Blocks,https://vn.misumi-ec.com/vona2/detail/110302024770/?KWSearch=bearing&searchFlow=results2products&list=PageSearchResult
Ball Bearing/Cast Iron/Pilot,https://vn.misumi-ec.com/vona2/detail/110302644270/?KWSearch=bearing&searchFlow=results2products&list=PageSearchResult
Deep Groove Ball Bearings Metric Series,https://vn.misumi-ec.com/vona2/detail/221000529001/?KWSearch=bearing&searchFlow=results2products&list=PageSearchResult
Free Bear D-type (Bolt Type),https://vn.misumi-ec.com/vona2/detail/221000714603/?KWSearch=bearing&searchFlow=results2products&list=PageSearchResult
Urethane Molded Bearing Shafts,https://vn.misumi-ec.com/vona2/detail/110300424140/?KWSearch=bearing&searchFlow=results2products&list=PageSearchResult
"Engineering Plastic Bearing, Single Flange Type, Hex Socket Male Thread Type",https://vn.misumi-ec.com/vona2/detail/110302649530/?KWSearch=bearing&searchFlow=results2products&list=PageSearchResult
Armature Bearing Puller,https://vn.misumi-ec.com/vona2/detail/223005034841/?KWSearch=bearing&searchFlow=results2products&list=PageSearchResult
ARF Type Sleeve Bearing with Flange,https://vn.misumi-ec.com/vona2/detail/221005134491/?KWSearch=bearing&searchFlow=results2products&list=PageSearchResult
Duracon® bearing door roller round (C shaped frame) [2 pieces] 【2 Pieces Per Package】,https://vn.misumi-ec.com/vona2/detail/221005501321/?KWSearch=bearing&searchFlow=results2products&list=PageSearchResult
